{
	"class_name" : "PinholeCameraParameters",
	"extrinsic" : 
	[
		0.94149734670335405,
		0.33182083507657328,
		-0.058971853961275335,
		0.0,
		0.17863970278424421,
		-0.34297051557595948,
		0.92220338431103011,
		0.0,
		0.28578068993495925,
		-0.87878675391396643,
		-0.38218220576794593,
		0.0,
		-1729363.7870730117,
		8345022.3309336789,
		-20480721.377211235,
		1.0
	],
	"intrinsic" : 
	{
		"height" : 1061,
		"intrinsic_matrix" : 
		[
			918.85295341528945,
			0.0,
			0.0,
			0.0,
			918.85295341528945,
			0.0,
			959.5,
			530.0,
			1.0
		],
		"width" : 1920
	},
	"version_major" : 1,
	"version_minor" : 0
}