{
	"class_name" : "PinholeCameraParameters",
	"extrinsic" : 
	[
		0.9051950888730298,
		0.31435819092659389,
		-0.2860083545589307,
		0.0,
		0.379164658814307,
		-0.29335172106880886,
		0.87759838722059991,
		0.0,
		0.19197919831684379,
		-0.90284201028935684,
		-0.38473405343210137,
		0.0,
		-6237993.5510629844,
		7209470.3703836156,
		-20030016.818770763,
		1.0
	],
	"intrinsic" : 
	{
		"height" : 1061,
		"intrinsic_matrix" : 
		[
			918.85295341528945,
			0.0,
			0.0,
			0.0,
			918.85295341528945,
			0.0,
			959.5,
			530.0,
			1.0
		],
		"width" : 1920
	},
	"version_major" : 1,
	"version_minor" : 0
}